Business Name,Email,Stars,Reviews,Phone,Website,Google Maps URL,Address
"Hotter Water Plumbing & Leak Detection","info@ortegaplumbingnm.com","4.9","126","(706) 471-2713","https://www.hotterwater.com/?utm_source=google&utm_medium=search_engine&utm_campaign=gmb","https://maps.google.com/?cid=1850178360773151044&g_mp=Cidnb29nbGUubWFwcy5wbGFjZXMudjEuUGxhY2VzLlNlYXJjaFRleHQQAhgEIAA","1269 Pryor Rd SW Ste No. 17, Atlanta, GA 30315, USA"
"Putts Plumbing","Ptm10176@aol.com","5","44","(912) 798-1791","https://puttsplumbing.org/","https://maps.google.com/?cid=12262170699368284912&g_mp=Cidnb29nbGUubWFwcy5wbGFjZXMudjEuUGxhY2VzLlNlYXJjaFRleHQQAhgEIAA","131 Van Nuys Blvd, Savannah, GA 31419, USA"
"Ace’s Plumbing","ace@acesplumbingrepair.com","5","42","(843) 612-8581","https://www.acesplumbingrepair.com/","https://maps.google.com/?cid=4566101646218235331&g_mp=Cidnb29nbGUubWFwcy5wbGFjZXMudjEuUGxhY2VzLlNlYXJjaFRleHQQAhgEIAA","7602 Waters Ave Unit D, Savannah, GA 31406, USA"
"Mock Plumbing","cherries@mocksavannah.com","3.1","17","(912) 232-1104","http://www.mocksavannah.com/contact.aspx","https://maps.google.com/?cid=6325708078238204873&g_mp=Cidnb29nbGUubWFwcy5wbGFjZXMudjEuUGxhY2VzLlNlYXJjaFRleHQQAhgEIAA","67 Ross Rd, Savannah, GA 31405, USA"
"Budget Sewer Service, Inc.","dispatcher@budgetsewerservice.com","4.5","93","(706) 798-8080","http://budgetsewerservice.com/","https://maps.google.com/?cid=12589861718219980425&g_mp=Cidnb29nbGUubWFwcy5wbGFjZXMudjEuUGxhY2VzLlNlYXJjaFRleHQQAhgEIAA","2521 Mike Padgett Hwy, Augusta, GA 30906, USA"
"Athens Plumbing & Well Service","info@athensplumbing.com","3.7","87","(706) 543-1947","http://www.athensplumbing.com/","https://maps.google.com/?cid=17972514325582990738&g_mp=Cidnb29nbGUubWFwcy5wbGFjZXMudjEuUGxhY2VzLlNlYXJjaFRleHQQAhgEIAA","380 Nantahala Ave, Athens, GA 30601, USA"
"Rice Plumbing","jricejr@gmail.com","4.6","76","(706) 395-5243","http://riceplumbingathens.com/","https://maps.google.com/?cid=12492031805867659163&g_mp=Cidnb29nbGUubWFwcy5wbGFjZXMudjEuUGxhY2VzLlNlYXJjaFRleHQQAhgEIAA","1880 Commerce Rd Ste 208, Athens, GA 30607, USA"
"Remedy Plumbing","service@callremedyplumbing.com","4.9","105","(706) 723-7519","http://www.callremedyplumbing.com/","https://maps.google.com/?cid=5821822620610472365&g_mp=Cidnb29nbGUubWFwcy5wbGFjZXMudjEuUGxhY2VzLlNlYXJjaFRleHQQAhgEIAA","1160 Fieldstone Rd, Watkinsville, GA 30677, USA"
"A-1 Plumbing","maconplumber@gmail.com","4.7","140","(478) 318-9222","https://a1plumbingmacon.com/","https://maps.google.com/?cid=1923588391526627111&g_mp=Cidnb29nbGUubWFwcy5wbGFjZXMudjEuUGxhY2VzLlNlYXJjaFRleHQQAhgEIAA","122 Yukon Rd, Macon, GA 31217, USA"
"Faircloth Plumbing Co","e.fairclothplumbing@yahoo.com","4.8","25","(478) 476-9232","https://www.fairclothplumbing.net/","https://maps.google.com/?cid=1193850036224038697&g_mp=Cidnb29nbGUubWFwcy5wbGFjZXMudjEuUGxhY2VzLlNlYXJjaFRleHQQAhgEIAA","4630 Dixon Rd, Lizella, GA 31052, USA"
"IPlumber","iplumberga@aol.com","5","19","(478) 361-6196","http://www.iplumberga.com/","https://maps.google.com/?cid=6260111486483255413&g_mp=Cidnb29nbGUubWFwcy5wbGFjZXMudjEuUGxhY2VzLlNlYXJjaFRleHQQAhgEIAA","202 A GA-49 N, Byron, GA 31008, USA"
"Buzzell Plumbing, Heating & Air","bob@mybuzzell.com","4.3","57","(478) 974-5255","http://mybuzzell.com/","https://maps.google.com/?cid=2921974947956780932&g_mp=Cidnb29nbGUubWFwcy5wbGFjZXMudjEuUGxhY2VzLlNlYXJjaFRleHQQAhgEIAA","1809 Hardeman Ave, Macon, GA 31201, USA"
"Swelltec Plumber Roswell","james.sanders@hotmail.com","5","27","(770) 470-5623","http://swelltecplumberroswell.com/","https://maps.google.com/?cid=11457638614162629807&g_mp=Cidnb29nbGUubWFwcy5wbGFjZXMudjEuUGxhY2VzLlNlYXJjaFRleHQQAhgEIAA","10485 N Clara Dr, Roswell, GA 30075, USA"
"1-Tom-Plumber","neatl@1tomplumber.com","4.9","69","(678) 210-6750","https://www.1tomplumber.com/northeast-atlanta-ga/","https://maps.google.com/?cid=3496560653529096558&g_mp=Cidnb29nbGUubWFwcy5wbGFjZXMudjEuUGxhY2VzLlNlYXJjaFRleHQQAhgEIAA","5490 McGinnis Village Pl Ste 208, Alpharetta, GA 30005, USA"
"Plumbing Central","info@plumbingcentral.com","4.7","85","(770) 205-6900","http://www.plumbingcentral.com/","https://maps.google.com/?cid=2942198694897162121&g_mp=Cidnb29nbGUubWFwcy5wbGFjZXMudjEuUGxhY2VzLlNlYXJjaFRleHQQAhgEIAA","215 6 Hills Ln, Alpharetta, GA 30004, USA"
"Batylin Plumbing Co., Inc.","batylinplumbing@comcast.net","4.5","25","(678) 355-9141","http://batylinplumbing.com/","https://maps.google.com/?cid=6711000044210277187&g_mp=Cidnb29nbGUubWFwcy5wbGFjZXMudjEuUGxhY2VzLlNlYXJjaFRleHQQAhgEIAA","3559 Cherokee St NW #25th, Kennesaw, GA 30144, USA"
"Greenlee Plumbing","newpipes123@gmail.com","4.8","60","(678) 386-7513","https://www.greenleeplumbingatlanta.com/","https://maps.google.com/?cid=5509637632293873457&g_mp=Cidnb29nbGUubWFwcy5wbGFjZXMudjEuUGxhY2VzLlNlYXJjaFRleHQQAhgEIAA","485 Buford Dr #219, Lawrenceville, GA 30046, USA"
"SMART Plumbing","Smartplumb1@gmail.com","5","89","(678) 687-1777","http://www.smartplumbingpros.com/","https://maps.google.com/?cid=14344062835248448699&g_mp=Cidnb29nbGUubWFwcy5wbGFjZXMudjEuUGxhY2VzLlNlYXJjaFRleHQQAhgEIAA","1900 Wildcat Cliffs Way, Lawrenceville, GA 30043, USA"
"God Father Plumbing and Drains","info@godfatherplumbinganddrains.com","3.5","24","(678) 723-8396","http://www.godfatherplumbinganddrains.com/contact-us/","https://maps.google.com/?cid=694219244581253137&g_mp=Cidnb29nbGUubWFwcy5wbGFjZXMudjEuUGxhY2VzLlNlYXJjaFRleHQQAhgEIAA","3317 Duluth Hwy, Duluth, GA 30096, USA"
"M. Cary & Daughters Plumbing","info@mcaryanddaughters.com","4.4","97","(404) 370-0999","https://mcaryanddaughters.com/","https://maps.google.com/?cid=5875454202711584170&g_mp=Cidnb29nbGUubWFwcy5wbGFjZXMudjEuUGxhY2VzLlNlYXJjaFRleHQQAhgEIAA","1370 Church St, Decatur, GA 30030, USA"
"ASAP Plumbing and Drain LLC","contact@asapplumbingdrain.com","5","126","(404) 597-4179","http://www.asapplumbingdrain.com/","https://maps.google.com/?cid=5386242951546045185&g_mp=Cidnb29nbGUubWFwcy5wbGFjZXMudjEuUGxhY2VzLlNlYXJjaFRleHQQAhgEIAA","2815 Meadow Valley Wy, Cumming, GA 30041, USA"
"Locklear Plumbing","service@locklearplumbing.com","4.9","85","(678) 210-7476","https://www.locklearplumbing.com/woodstock/","https://maps.google.com/?cid=13378433439420763049&g_mp=Cidnb29nbGUubWFwcy5wbGFjZXMudjEuUGxhY2VzLlNlYXJjaFRleHQQAhgEIAA","9876 Main St #225, Woodstock, GA 30188, USA"
"Absolutely Right Plumbing","ludvin@absolutely-plumbing.com","4.8","52","(404) 202-5707","http://www.absolutely-plumbing.com/","https://maps.google.com/?cid=8200043631057675274&g_mp=Cidnb29nbGUubWFwcy5wbGFjZXMudjEuUGxhY2VzLlNlYXJjaFRleHQQAhgEIAA","792 Wagon Trl, Woodstock, GA 30188, USA"
"NGI Trenchless Pipe & Sewer Repair","help@northgeorgiapipelining.com","5","116","(404) 682-2998","https://northgeorgiapipelining.com/?utm_source=Google&utm_medium=Organic&utm_campaign=GBPWoodstockGA","https://maps.google.com/?cid=12351603211932218444&g_mp=Cidnb29nbGUubWFwcy5wbGFjZXMudjEuUGxhY2VzLlNlYXJjaFRleHQQAhgEIAA","514 Industrial Dr, Woodstock, GA 30189, USA"
"G. E. Cross Inc.","Gary@crossplumbing.com","4.7","15","(912) 261-9300","http://www.crossplumbing.com/","https://maps.google.com/?cid=5509118467855895259&g_mp=Cidnb29nbGUubWFwcy5wbGFjZXMudjEuUGxhY2VzLlNlYXJjaFRleHQQAhgEIAA","7371 Blythe Island Hwy, Brunswick, GA 31523, USA"
"A1 of Glynn Septic Solutions","a1ofglynnseptic@gmail.com","5","40","(912) 399-7143","https://a1ofglynnsepticsolutions.express/","https://maps.google.com/?cid=15994544111465881643&g_mp=Cidnb29nbGUubWFwcy5wbGFjZXMudjEuUGxhY2VzLlNlYXJjaFRleHQQAhgEIAA","173 Old Cate Rd, Brunswick, GA 31525, USA"
"Plumbing Pros","plumbing.pros@yahoo.com","4.9","127","(229) 561-8220","https://www.theplumbingpros.co/","https://maps.google.com/?cid=7570771993872148354&g_mp=Cidnb29nbGUubWFwcy5wbGFjZXMudjEuUGxhY2VzLlNlYXJjaFRleHQQAhgEIAA","4400 Holly Ln, Valdosta, GA 31602, USA"
"Hays Plumbing LLC","haysplumbingllc@gmail.com","4.8","139","(706) 587-1470","http://www.haysplumbingllc.net/","https://maps.google.com/?cid=11301019155327083450&g_mp=Cidnb29nbGUubWFwcy5wbGFjZXMudjEuUGxhY2VzLlNlYXJjaFRleHQQAhgEIAA","2815 W Britt David Rd Unit C, Columbus, GA 31909, USA"
"Summerland Plumbing","steve@summerlandplumbingco.com","4.7","143","(706) 687-0023","https://summerlandplumbingco.com/","https://maps.google.com/?cid=6588737386042344755&g_mp=Cidnb29nbGUubWFwcy5wbGFjZXMudjEuUGxhY2VzLlNlYXJjaFRleHQQAhgEIAA","180 Brennan Rd, Columbus, GA 31906, USA"
"Alexander Plumbing Company, LLC","alexanderplumping@bellsouth.net","4.1","19","(706) 561-8746","http://alexanderplumbingco.com/","https://maps.google.com/?cid=1046647831530784450&g_mp=Cidnb29nbGUubWFwcy5wbGFjZXMudjEuUGxhY2VzLlNlYXJjaFRleHQQAhgEIAA","4430 3rd Ave, Columbus, GA 31904, USA"
"Ace Plumbing Company","kdaniel@aceplbg.net","4.1","39","(706) 324-1287","http://www.aceplumbing.co/","https://maps.google.com/?cid=2538054899371725574&g_mp=Cidnb29nbGUubWFwcy5wbGFjZXMudjEuUGxhY2VzLlNlYXJjaFRleHQQAhgEIAA","3523 River Rd, Columbus, GA 31904, USA"
"Saving Plumbing LLC","%20info@savingplumbing.com","5","134","(770) 741-2394","https://savingplumbing.com/","https://maps.google.com/?cid=11524618303329576249&g_mp=Cidnb29nbGUubWFwcy5wbGFjZXMudjEuUGxhY2VzLlNlYXJjaFRleHQQAhgEIAA","One Glenlake Pkwy NE Ste 650, Sandy Springs, GA 30328, USA"
"Plumber Done Perfect Of Buckhead","help@buckheadreliance.com","5","20","(404) 665-3527","https://plumberdoneperfectofbuckhead.com/","https://maps.google.com/?cid=10286583684360467228&g_mp=Cidnb29nbGUubWFwcy5wbGFjZXMudjEuUGxhY2VzLlNlYXJjaFRleHQQAhgEIAA","10 Blackland Rd NW Unit 1214, Atlanta, GA 30342, USA"
"Plumber Done Perfect Of Brookhaven","help@plumberdoneperfectofbrookhaven.com","5","18","(470) 518-4374","https://plumberdoneperfectofbrookhaven.com/","https://maps.google.com/?cid=5928601220248146979&g_mp=Cidnb29nbGUubWFwcy5wbGFjZXMudjEuUGxhY2VzLlNlYXJjaFRleHQQAhgEIAA","4300 Peachtree Rd Unit 2137, Brookhaven, GA 30319, USA"
"Emergency Plumbers LLC","john@smith.com","4.7","64","(404) 882-2499","https://emergencyplumbersllc.com/","https://maps.google.com/?cid=15893057707617225962&g_mp=Cidnb29nbGUubWFwcy5wbGFjZXMudjEuUGxhY2VzLlNlYXJjaFRleHQQAhgEIAA","3898 Carlton Dr, Chamblee, GA 30341, USA"
"Mr Wise Electric","talkelectric@mrwiseelectric.com","4.8","117","(404) 671-9488","https://mrwiseelectric.com/","https://maps.google.com/?cid=6321249555595292010&g_mp=Cidnb29nbGUubWFwcy5wbGFjZXMudjEuUGxhY2VzLlNlYXJjaFRleHQQAhgEIAA","141 Harlan Rd SW, Atlanta, GA 30311, USA"
"New Beginnings Electrical Services Atlanta","info@newbeginningselectrical.com","5","18","(404) 200-6697","https://newbeginningselectrical.com/electrician-contractor-atlanta","https://maps.google.com/?cid=481731609450108680&g_mp=Cidnb29nbGUubWFwcy5wbGFjZXMudjEuUGxhY2VzLlNlYXJjaFRleHQQAhgEIAA","1820 Peachtree Rd, Atlanta, GA 30309, USA"
"ProLectric","admin@prolectric.net","4.7","119","(912) 210-1100","http://www.prolectric.net/","https://maps.google.com/?cid=12367826148155866253&g_mp=Cidnb29nbGUubWFwcy5wbGFjZXMudjEuUGxhY2VzLlNlYXJjaFRleHQQAhgEIAA","6606 Abercorn St #120, Savannah, GA 31405, USA"
"Rushing Electric Co. Inc.","emma@emmatang.com","4.7","57","(912) 965-0805","http://rushingelectric.com/","https://maps.google.com/?cid=15639531191041424866&g_mp=Cidnb29nbGUubWFwcy5wbGFjZXMudjEuUGxhY2VzLlNlYXJjaFRleHQQAhgEIAA","411 US-80 W, Garden City, GA 31408, USA"
"Coastal Electric of Georgia","info@coastalelectricga.com","4.3","44","(912) 348-3234","http://www.coastalelectricga.com/","https://maps.google.com/?cid=12898789439311878121&g_mp=Cidnb29nbGUubWFwcy5wbGFjZXMudjEuUGxhY2VzLlNlYXJjaFRleHQQAhgEIAA","2 Westside Ct, Pooler, GA 31322, USA"
"Ferrell Electrical Repair, Lighting & Panel Upgrades","webcontact@ferrellelectricinc.com","4.6","97","(706) 236-7245","https://www.ferrellelectricinc.com/?utm_campaign=gmb","https://maps.google.com/?cid=18057300270620427053&g_mp=Cidnb29nbGUubWFwcy5wbGFjZXMudjEuUGxhY2VzLlNlYXJjaFRleHQQAhgEIAA","413 Vaughn Rd, Martinez, GA 30907, USA"
"Southeastern Electrical Specialists, LLC","southeastern.e.s@gmail.com","4.6","37","(706) 627-7258","http://www.se-es.com/","https://maps.google.com/?cid=7615872812695799402&g_mp=Cidnb29nbGUubWFwcy5wbGFjZXMudjEuUGxhY2VzLlNlYXJjaFRleHQQAhgEIAA","472 Flowing Wells Rd Ste h-3, Martinez, GA 30907, USA"
"A+ Electric LLC","andrew@apluselectricllc.com","5","63","(762) 250-4450","http://apluselectricllc.com/","https://maps.google.com/?cid=5763252251228595267&g_mp=Cidnb29nbGUubWFwcy5wbGFjZXMudjEuUGxhY2VzLlNlYXJjaFRleHQQAhgEIAA","117 N Belair Rd, Evans, GA 30809, USA"
"Ortiz Electric, LLC","alberto@ortizelec.com","5","24","(678) 622-5551","https://www.ortizelec.com/","https://maps.google.com/?cid=11208341228620888623&g_mp=Cidnb29nbGUubWFwcy5wbGFjZXMudjEuUGxhY2VzLlNlYXJjaFRleHQQAhgEIAA","2096 Powers Ferry Trce SE, Marietta, GA 30067, USA"
"Bulldog Electrical Contractors, Inc.","sales@bulldogelectricalinc.com","4.9","80","(770) 419-1280","https://www.bulldogelectricalinc.com/","https://maps.google.com/?cid=6590350376592660627&g_mp=Cidnb29nbGUubWFwcy5wbGFjZXMudjEuUGxhY2VzLlNlYXJjaFRleHQQAhgEIAA","51 Chert Rd, Marietta, GA 30062, USA"
"SM Ramos Electric","info@smramoselectricllc.com","5","31","(404) 749-7011","https://www.smramoselectricllc.com/","https://maps.google.com/?cid=741954766247503702&g_mp=Cidnb29nbGUubWFwcy5wbGFjZXMudjEuUGxhY2VzLlNlYXJjaFRleHQQAhgEIAA","83 Chert Rd, Marietta, GA 30062, USA"
"Thunderbolt Electric","charlie.thunderboltelectric@gmail.com","4.9","118","(706) 408-7233","https://www.thunderboltelectricga.com/","https://maps.google.com/?cid=5230236081904484807&g_mp=Cidnb29nbGUubWFwcy5wbGFjZXMudjEuUGxhY2VzLlNlYXJjaFRleHQQAhgEIAA","1260 Greensboro Hwy UNIT 300, Watkinsville, GA 30677, USA"
"All-State Electrical Contractors","info@allstateelec.com","4.5","20","(478) 788-7486","http://allstateelec.com/","https://maps.google.com/?cid=156686237402760511&g_mp=Cidnb29nbGUubWFwcy5wbGFjZXMudjEuUGxhY2VzLlNlYXJjaFRleHQQAhgEIAA","4390 Interstate Dr, Macon, GA 31210, USA"
"Speedy Electric","speedyelectric3@gmail.com","4.6","114","(770) 649-9400","http://www.speedyelectric.com/","https://maps.google.com/?cid=7645927743876124381&g_mp=Cidnb29nbGUubWFwcy5wbGFjZXMudjEuUGxhY2VzLlNlYXJjaFRleHQQAhgEIAA","380 W Crossville Rd Building #200, Roswell, GA 30075, USA"
"Brooker Electric","brookerelectric@bellsouth.net","4.9","39","(770) 282-7666","http://brookerelectric.com/","https://maps.google.com/?cid=4757732138150068435&g_mp=Cidnb29nbGUubWFwcy5wbGFjZXMudjEuUGxhY2VzLlNlYXJjaFRleHQQAhgEIAA","12597 Roper Rd, Roswell, GA 30075, USA"
"Bryan Electric, Inc.","info@bryanelectricinc.com","4","21","(770) 680-2144","http://www.bryanelectricinc.com/","https://maps.google.com/?cid=14552314039426656722&g_mp=Cidnb29nbGUubWFwcy5wbGFjZXMudjEuUGxhY2VzLlNlYXJjaFRleHQQAhgEIAA","1840 Grassland Pkwy #200, Alpharetta, GA 30004, USA"
"JustFixToday - Handyman Services in Alpharetta GA | Painter | Plumber | Drywall | AC Repair | Electrical Repair | Carpenter","info@justfixtoday.com","5","135","(678) 549-8083","https://www.justfixtoday.com/","https://maps.google.com/?cid=1787476070147627322&g_mp=Cidnb29nbGUubWFwcy5wbGFjZXMudjEuUGxhY2VzLlNlYXJjaFRleHQQAhgEIAA","2425 Traywick Chase, Alpharetta, GA 30004, USA"
"Southern Electric Co","controller@southernelectriccompany.com","4.2","11","(770) 740-9553","https://southernelectriccompany.com/","https://maps.google.com/?cid=2412617203072986788&g_mp=Cidnb29nbGUubWFwcy5wbGFjZXMudjEuUGxhY2VzLlNlYXJjaFRleHQQAhgEIAA","510 Winkler Dr #100, Alpharetta, GA 30004, USA"
"Sharp Electrical Contractors","impallari@gmail.com","5","12","(678) 939-1907","http://www.sharpelectricalcontractorsinc.com/","https://maps.google.com/?cid=15784420237876544597&g_mp=Cidnb29nbGUubWFwcy5wbGFjZXMudjEuUGxhY2VzLlNlYXJjaFRleHQQAhgEIAA","4571 Oakhurst Ln, Alpharetta, GA 30004, USA"
"Ray's Electrical Services, LLC.","ray.electric@yahoo.com","5","33","(404) 934-3725","https://rayselectricalservices.net/","https://maps.google.com/?cid=17255572914718368004&g_mp=Cidnb29nbGUubWFwcy5wbGFjZXMudjEuUGxhY2VzLlNlYXJjaFRleHQQAhgEIAA","11877 Douglas Rd, Johns Creek, GA 30005, USA"
"JA IT ELECTRIC","contact@jaitelectric.com","4.9","79","","https://www.jaitelectric.com/","https://maps.google.com/?cid=16789752584030982869&g_mp=Cidnb29nbGUubWFwcy5wbGFjZXMudjEuUGxhY2VzLlNlYXJjaFRleHQQAhgEIAA","3824 Dandridge Way NW, Duluth, GA 30096, USA"
"DSL Electric","dslelectric@yahoo.com","4.7","143","(470) 637-2322","https://www.dslelectric.net/","https://maps.google.com/?cid=1906140520379199906&g_mp=Cidnb29nbGUubWFwcy5wbGFjZXMudjEuUGxhY2VzLlNlYXJjaFRleHQQAhgEIAA","1159 Reading Dr NW, Acworth, GA 30102, USA"
"M.D. Contracting Solutions","admin@mdcontractingsolutions.com","5","137","(678) 636-9692","https://www.mdcontractingsolutions.com/","https://maps.google.com/?cid=9302632286792896560&g_mp=Cidnb29nbGUubWFwcy5wbGFjZXMudjEuUGxhY2VzLlNlYXJjaFRleHQQAhgEIAA","2244 NW Pkwy SE Ste A, Marietta, GA 30067, USA"
"VIP Electrical Service","vipelservice@gmail.com","5","57","(706) 510-5132","http://vipelectricalservice.co/","https://maps.google.com/?cid=5752995803636552844&g_mp=Cidnb29nbGUubWFwcy5wbGFjZXMudjEuUGxhY2VzLlNlYXJjaFRleHQQAhgEIAA","3327 Club Pl, Duluth, GA 30096, USA"
"Alpine Electrical Solutions","info@alpelecsolutions.com","5","14","(470) 896-6060","https://alpelecsolutions.com/","https://maps.google.com/?cid=5558601400349421621&g_mp=Cidnb29nbGUubWFwcy5wbGFjZXMudjEuUGxhY2VzLlNlYXJjaFRleHQQAhgEIAA","3675 Crestwood Pkwy NW #400, Duluth, GA 30096, USA"
"GE Martin Electrical LLC","daniel@gemartinelectrical.com","5","29","(470) 979-2061","https://blinq.me/vCWA4xO6LRTl?bs=db","https://maps.google.com/?cid=12248053110937400791&g_mp=Cidnb29nbGUubWFwcy5wbGFjZXMudjEuUGxhY2VzLlNlYXJjaFRleHQQAhgEIAA","3870 Peachtree Industrial Blvd 340 312, Duluth, GA 30096, USA"
"Burney Electrical Services","lburney@burneyelectricalservices.com","5","12","(404) 369-1063","https://burneyelectricalservices.com/","https://maps.google.com/?cid=4430452129245969583&g_mp=Cidnb29nbGUubWFwcy5wbGFjZXMudjEuUGxhY2VzLlNlYXJjaFRleHQQAhgEIAA","2896 Valley Ridge Dr, Decatur, GA 30032, USA"
"Lighthouse Electric","Office@lighthouseelectricil.com","4.3","23","(217) 872-8808","https://www.lighthouseelectricil.com/","https://maps.google.com/?cid=1308956494112370691&g_mp=Cidnb29nbGUubWFwcy5wbGFjZXMudjEuUGxhY2VzLlNlYXJjaFRleHQQAhgEIAA","2277 Hubbard Ave, Decatur, IL 62526, USA"
"Hot Spot Electrical","shapiro@hotspotelectric.net","5","69","(678) 771-6085","http://hotspotelectric.net/","https://maps.google.com/?cid=5167601710071551266&g_mp=Cidnb29nbGUubWFwcy5wbGFjZXMudjEuUGxhY2VzLlNlYXJjaFRleHQQAhgEIAA","3935 River Run Ct, Cumming, GA 30041, USA"
"575 electric","Jason.mitchell@575electric.com","5","17","(404) 293-9515","https://575electric.com/","https://maps.google.com/?cid=8207680150374449049&g_mp=Cidnb29nbGUubWFwcy5wbGFjZXMudjEuUGxhY2VzLlNlYXJjaFRleHQQAhgEIAA","1041 Boston Ridge, Woodstock, GA 30189, USA"
"Electric Company","info@example.com","5","72","(770) 998-0060","https://electric-company.com/","https://maps.google.com/?cid=17654218059840725733&g_mp=Cidnb29nbGUubWFwcy5wbGFjZXMudjEuUGxhY2VzLlNlYXJjaFRleHQQAhgEIAA","213 Lexington Dr, Woodstock, GA 30188, USA"
"Blackstock Electric","da@blackstockelectric.com","4.9","83","(770) 365-5168","https://www.blackstockelectricinc.com/","https://maps.google.com/?cid=11120832181774655585&g_mp=Cidnb29nbGUubWFwcy5wbGFjZXMudjEuUGxhY2VzLlNlYXJjaFRleHQQAhgEIAA","1010 James Burgess Rd, Suwanee, GA 30024, USA"
"Certified Electric, Inc","dispatcher@certifiedelectric.net","4.6","71","(912) 265-3419","https://certifiedelectric.net/","https://maps.google.com/?cid=1412885056572651396&g_mp=Cidnb29nbGUubWFwcy5wbGFjZXMudjEuUGxhY2VzLlNlYXJjaFRleHQQAhgEIAA","109 Key Dr, Brunswick, GA 31520, USA"